Jamesie;James;subst;sg;m1;nazwisko
Jamesa;James;subst;sg;m1;nazwisko
Jamesie;James;subst;sg;m1;nazwisko
Jamesem;James;subst;sg;m1;nazwisko
Jamesach;James;subst;pl;m1;nazwisko
Jamesami;James;subst;pl;m1;nazwisko
Jamesa;James;subst;sg;m1;nazwisko
Jamesów;James;subst;pl;m1;nazwisko
Jamesowie;James;subst;pl;m1;nazwisko
Jamesowie;James;subst;pl;m1;nazwisko
Jamesowi;James;subst;sg;m1;nazwisko
Jamesom;James;subst;pl;m1;nazwisko
James;James;subst;sg;m1;nazwisko
Jamesy;James;depr;pl;m2;nazwisko
Jamesów;James;subst;pl;m1;nazwisko
Jamesy;James;depr;pl;m2;nazwisko
Jacobach;Jacob;subst;pl;m1;
Jacoby;Jacob;depr;pl;m2;
Jacoba;Jacob;subst;sg;m1;
Jacobem;Jacob;subst;sg;m1;
Jacobie;Jacob;subst;sg;m1;
Jacobowi;Jacob;subst;sg;m1;
Jacobów;Jacob;subst;pl;m1;
Jacoba;Jacob;subst;sg;m1;
Jacob;Jacob;subst;sg;m1;
Jacobie;Jacob;subst;sg;m1;
Jacoby;Jacob;depr;pl;m2;
Jacobami;Jacob;subst;pl;m1;
Jacobów;Jacob;subst;pl;m1;
Jacobom;Jacob;subst;pl;m1;
Jacobowie;Jacob;subst;pl;m1;
Jacobowie;Jacob;subst;pl;m1;
października;październik;subst;sg;m3;pospolita
stanie;stan;subst;sg;m3;pospolita
stanie;stan;subst;sg;m3;pospolita
stanie;stań;subst;pl;f;pospolita
stanie;stań;subst;pl;f;pospolita
stanie;stań;subst;pl;f;pospolita
marca;marzec;subst;sg;m3;pospolita
wynalazce;wynalazca;depr;pl;m2;pospolita
wynalazców;wynalazca;subst;pl;m1;pospolita
wynalazce;wynalazca;depr;pl;m2;pospolita
wynalazców;wynalazca;subst;pl;m1;pospolita
wynalazcom;wynalazca;subst;pl;m1;pospolita
wynalazco;wynalazca;subst;sg;m1;pospolita
wynalazcę;wynalazca;subst;sg;m1;pospolita
wynalazcą;wynalazca;subst;sg;m1;pospolita
wynalazcy;wynalazca;subst;pl;m1;pospolita
wynalazca;wynalazca;subst;sg;m1;pospolita
wynalazcy;wynalazca;subst;pl;m1;pospolita
wynalazcami;wynalazca;subst;pl;m1;pospolita
wynalazcach;wynalazca;subst;pl;m1;pospolita
wynalazcy;wynalazca;subst;sg;m1;pospolita
wynalazcy;wynalazca;subst;sg;m1;pospolita
wynalazcy;wynalazca;subst;sg;m1;pospolita
pierwszej;pierwsza;subst;sg;f;pospolita
pierwszej;pierwsza;subst;sg;f;pospolita
pierwszej;pierwsza;subst;sg;f;pospolita
kasy;kasa;subst;pl;f;pospolita
kasy;kasa;subst;pl;f;pospolita
kasy;kasa;subst;sg;f;pospolita
kasy;kasa;subst;pl;f;pospolita
właścicielem;właściciel;subst;sg;m1;pospolita
pierwszy;pierwszy;subst;sg;m3;pospolita
pierwszymi;pierwszy;subst;pl;m3;pospolita
pierwsze;pierwszy;subst;pl;m3;pospolita
pierwszy;pierwszy;subst;sg;m3;pospolita
pierwszych;pierwszy;subst;pl;m3;pospolita
pierwszy;pierwszy;subst;sg;m3;pospolita
pierwsze;pierwszy;subst;pl;m3;pospolita
pierwsze;pierwszy;subst;pl;m3;pospolita
pierwszemu;pierwszy;subst;sg;m3;pospolita
pierwszego;pierwszy;subst;sg;m3;pospolita
pierwszych;pierwszy;subst;pl;m3;pospolita
pierwszym;pierwszy;subst;sg;m3;pospolita
pierwszym;pierwszy;subst;sg;m3;pospolita
pierwszym;pierwszy;subst;pl;m3;pospolita
AR-ze;AR;subst;sg;m3;własna
AR-ze;AR;subst;sg;m3;własna
ARiMR-ze;ARiMR;subst;sg;m3;własna
ARiMR-ze;ARiMR;subst;sg;m3;własna
ASR-ze;ASR;subst;sg;m3;pospolita
ASR-ze;ASR;subst;sg;m3;pospolita
BBWR-ze;BBWR;subst;sg;m3;własna
BBWR-ze;BBWR;subst;sg;m3;własna
BOR-ze;BOR;subst;sg;m3;własna
BOR-ze;BOR;subst;sg;m3;własna
BR-ze;BR;subst;sg;m3;pospolita
BR-ze;BR;subst;sg;m3;pospolita
BRR-ze;BRR;subst;sg;m3;organizacja
BRR-ze;BRR;subst;sg;m3;organizacja
BSR-ze;BSR;subst;sg;m3;organizacja
BSR-ze;BSR;subst;sg;m3;organizacja
EBOiR-ze;EBOiR;subst;sg;m3;organizacja
EBOiR-ze;EBOiR;subst;sg;m3;organizacja
EBOR-ze;EBOR;subst;sg;m3;pospolita
EBOR-ze;EBOR;subst;sg;m3;pospolita
FIR-ze;FIR;subst;sg;m3;
FIR-ze;FIR;subst;sg;m3;
GOPR-ze;GOPR;subst;sg;m3;własna
GOPR-ze;GOPR;subst;sg;m3;własna
IAR-ze;IAR;subst;sg;m3;
IAR-ze;IAR;subst;sg;m3;
IFOR-ze;IFOR;subst;sg;m3;własna
IFOR-ze;IFOR;subst;sg;m3;własna
KOR-ze;KOR;subst;sg;m3;własna
KOR-ze;KOR;subst;sg;m3;własna
KPZR-ze;KPZR;subst;sg;m3;własna
KPZR-ze;KPZR;subst;sg;m3;własna
LPR-ze;LPR;subst;sg;m3;własna
LPR-ze;LPR;subst;sg;m3;własna
ŁBR-ze;ŁBR;subst;sg;m3;organizacja
ŁBR-ze;ŁBR;subst;sg;m3;organizacja
MBOiR-ze;MBOiR;subst;sg;m3;organizacja
MBOiR-ze;MBOiR;subst;sg;m3;organizacja
MOSiR-ze;MOSiR;subst;sg;m3;pospolita
MOSiR-ze;MOSiR;subst;sg;m3;pospolita
MRR-ze;MRR;subst;sg;m3;własna
MRR-ze;MRR;subst;sg;m3;własna
OCR-ze;OCR;subst;sg;m3;pospolita
OCR-ze;OCR;subst;sg;m3;pospolita
OMTUR-ze;OMTUR;subst;sg;m3;
OMTUR-ze;OMTUR;subst;sg;m3;
ONR-ze;ONR;subst;sg;m3;pospolita
ONR-ze;ONR;subst;sg;m3;pospolita
PBR-ze;PBR;subst;sg;m3;organizacja
PBR-ze;PBR;subst;sg;m3;organizacja
PGR-ze;PGR;subst;sg;m3;pospolita
PGR-ze;PGR;subst;sg;m3;pospolita
PPR-ze;PPR;subst;sg;m3;własna
PPR-ze;PPR;subst;sg;m3;własna
PR-ze;PR;subst;sg;m3;pospolita
PR-ze;PR;subst;sg;m3;pospolita
PUR-ze;PUR;subst;sg;m3;własna
PUR-ze;PUR;subst;sg;m3;własna
PZPR-ze;PZPR;subst;sg;m3;własna
PZPR-ze;PZPR;subst;sg;m3;własna
RdR-ze;RdR;subst;sg;m3;własna
RdR-ze;RdR;subst;sg;m3;własna
ROR-ze;ROR;subst;sg;m3;pospolita
ROR-ze;ROR;subst;sg;m3;pospolita
STAR-ze;STAR;subst;sg;m2;własna
STAR-ze;STAR;subst;sg;m2;własna
STOCER-ze;STOCER;subst;sg;n2;
STOCER-ze;STOCER;subst;sg;n2;
SUDANAIR-ze;SUDANAIR;subst;sg;m3;organizacja
SUDANAIR-ze;SUDANAIR;subst;sg;m3;organizacja
TIR-ze;TIR;subst;sg;m2;pospolita
TIR-ze;TIR;subst;sg;m2;pospolita
TOPR-ze;TOPR;subst;sg;m3;własna
TOPR-ze;TOPR;subst;sg;m3;własna
TORWAR-ze;TORWAR;subst;sg;m3;
TORWAR-ze;TORWAR;subst;sg;m3;
TPPR-ze;TPPR;subst;sg;m3;własna
TPPR-ze;TPPR;subst;sg;m3;własna
TUR-ze;TUR;subst;sg;m3;własna
TUR-ze;TUR;subst;sg;m3;własna
UPR-ze;UPR;subst;sg;m3;własna
UPR-ze;UPR;subst;sg;m3;własna
UWr-ze;UWr;subst;sg;m3;własna
UWr-ze;UWr;subst;sg;m3;własna
VCR-ze;VCR;subst;sg;m3;pospolita
VCR-ze;VCR;subst;sg;m3;pospolita
WKR-ze;WKR;subst;sg;m3;pospolita
WKR-ze;WKR;subst;sg;m3;pospolita
WOPR-ze;WOPR;subst;sg;m3;pospolita
WOPR-ze;WOPR;subst;sg;m3;pospolita
ZAKR-ze;ZAKR;subst;sg;m3;
ZAKR-ze;ZAKR;subst;sg;m3;
ZSR-ze;ZSR;subst;sg;m3;
ZSR-ze;ZSR;subst;sg;m3;
roku;rok;subst;sg;m3;pospolita
roku;rok;subst;sg;m3;pospolita
roku;rok;subst;sg;m3;pospolita
roku;rok;subst;sg;m3;pospolita
roku;rok;subst;sg;m3;pospolita
roku;rok;subst;sg;m3;pospolita
W-Z;W-Z;subst;sg;f;pospolita
W-Z;W-Z;subst;pl;f;pospolita
W-Z;W-Z;subst;pl;f;pospolita
W-Z;W-Z;subst;pl;f;pospolita
W-Z;W-Z;subst;pl;f;pospolita
W-Z;W-Z;subst;pl;f;pospolita
W-Z;W-Z;subst;sg;f;pospolita
W-Z;W-Z;subst;sg;f;pospolita
W-Z;W-Z;subst;sg;f;pospolita
W-Z;W-Z;subst;pl;f;pospolita
W-Z;W-Z;subst;pl;f;pospolita
W-Z;W-Z;subst;sg;f;pospolita
W-Z;W-Z;subst;sg;f;pospolita
W-Z;W-Z;subst;sg;f;pospolita
roku;rok;subst;sg;m3;pospolita
roku;rok;subst;sg;m3;pospolita
roku;rok;subst;sg;m3;pospolita
roku;rok;subst;sg;m3;pospolita
roku;rok;subst;sg;m3;pospolita
roku;rok;subst;sg;m3;pospolita
lokali;lokal;subst;pl;m3;pospolita
lokalem;lokal;subst;sg;m3;pospolita
lokal;lokal;subst;sg;m3;pospolita
lokal;lokal;subst;sg;m3;pospolita
lokalach;lokal;subst;pl;m3;pospolita
lokale;lokal;subst;pl;m3;pospolita
lokale;lokal;subst;pl;m3;pospolita
lokale;lokal;subst;pl;m3;pospolita
lokalami;lokal;subst;pl;m3;pospolita
lokalu;lokal;subst;sg;m3;pospolita
lokalom;lokal;subst;pl;m3;pospolita
lokalu;lokal;subst;sg;m3;pospolita
lokalu;lokal;subst;sg;m3;pospolita
lokalów;lokal;subst;pl;m3;pospolita
lokalowi;lokal;subst;sg;m3;pospolita
mainę;maina;subst;sg;f;pospolita
mainami;maina;subst;pl;f;pospolita
mainą;maina;subst;sg;f;pospolita
mainy;maina;subst;sg;f;pospolita
mainy;maina;subst;pl;f;pospolita
mainie;maina;subst;sg;f;pospolita
mainom;maina;subst;pl;f;pospolita
main;maina;subst;pl;f;pospolita
mainie;maina;subst;sg;f;pospolita
maino;maina;subst;sg;f;pospolita
mainy;maina;subst;pl;f;pospolita
mainy;maina;subst;pl;f;pospolita
mainach;maina;subst;pl;f;pospolita
maina;maina;subst;sg;f;pospolita
Buffalo;Buffalo;subst;pl;n2;geograficzna
Buffalo;Buffalo;subst;sg;n2;geograficzna
Buffalo;Buffalo;subst;pl;n2;geograficzna
Buffalo;Buffalo;subst;pl;n2;geograficzna
Buffalo;Buffalo;subst;sg;n2;geograficzna
Buffalo;Buffalo;subst;pl;n2;geograficzna
Buffalo;Buffalo;subst;pl;n2;geograficzna
Buffalo;Buffalo;subst;pl;n2;geograficzna
Buffalo;Buffalo;subst;sg;n2;geograficzna
Buffalo;Buffalo;subst;pl;n2;geograficzna
Buffalo;Buffalo;subst;sg;n2;geograficzna
Buffalo;Buffalo;subst;sg;n2;geograficzna
Buffalo;Buffalo;subst;sg;n2;geograficzna
Buffalo;Buffalo;subst;sg;n2;geograficzna
Buffalo;Buffalo;subst;pl;m1;własna
Buffalo;Buffalo;subst;pl;m1;własna
Buffalo;Buffalo;subst;pl;m1;własna
Buffalo;Buffalo;subst;pl;m1;własna
Buffalo;Buffalo;depr;pl;m2;własna
Buffalo;Buffalo;subst;sg;m1;własna
Buffalo;Buffalo;subst;pl;m1;własna
Buffalo;Buffalo;subst;pl;m1;własna
Buffalo;Buffalo;subst;pl;m1;własna
Buffalo;Buffalo;subst;sg;m1;własna
Buffalo;Buffalo;depr;pl;m2;własna
Buffalo;Buffalo;subst;sg;m1;własna
Buffalo;Buffalo;subst;sg;m1;własna
Buffalo;Buffalo;subst;sg;m1;własna
Buffalo;Buffalo;subst;sg;m1;własna
Buffalo;Buffalo;subst;sg;m1;własna
bokserzy;bokser;subst;pl;m1;pospolita
boksera;bokser;subst;sg;m1;pospolita
bokserem;bokser;subst;sg;m1;pospolita
bokserzy;bokser;subst;pl;m1;pospolita
bokserowi;bokser;subst;sg;m1;pospolita
bokserów;bokser;subst;pl;m1;pospolita
boksera;bokser;subst;sg;m1;pospolita
bokserach;bokser;subst;pl;m1;pospolita
bokserom;bokser;subst;pl;m1;pospolita
bokserów;bokser;subst;pl;m1;pospolita
boksery;bokser;depr;pl;m2;pospolita
bokser;bokser;subst;sg;m1;pospolita
boksery;bokser;depr;pl;m2;pospolita
bokserze;bokser;subst;sg;m1;pospolita
bokserze;bokser;subst;sg;m1;pospolita
bokserami;bokser;subst;pl;m1;pospolita
bokserem;bokser;subst;sg;m2;pospolita
bokserach;bokser;subst;pl;m2;pospolita
bokserów;bokser;subst;pl;m2;pospolita
bokser;bokser;subst;sg;m2;pospolita
bokserowi;bokser;subst;sg;m2;pospolita
bokserom;bokser;subst;pl;m2;pospolita
boksera;bokser;subst;sg;m2;pospolita
boksera;bokser;subst;sg;m2;pospolita
bokserze;bokser;subst;sg;m2;pospolita
boksery;bokser;subst;pl;m2;pospolita
boksery;bokser;subst;pl;m2;pospolita
boksery;bokser;subst;pl;m2;pospolita
bokserami;bokser;subst;pl;m2;pospolita
bokserze;bokser;subst;sg;m2;pospolita
bokserem;bokser;subst;sg;m3;pospolita
bokser;bokser;subst;sg;m3;pospolita
bokserze;bokser;subst;sg;m3;pospolita
bokser;bokser;subst;sg;m3;pospolita
bokserom;bokser;subst;pl;m3;pospolita
boksera;bokser;subst;sg;m3;pospolita
bokserowi;bokser;subst;sg;m3;pospolita
bokserze;bokser;subst;sg;m3;pospolita
boksery;bokser;subst;pl;m3;pospolita
bokserami;bokser;subst;pl;m3;pospolita
bokserów;bokser;subst;pl;m3;pospolita
boksery;bokser;subst;pl;m3;pospolita
bokserach;bokser;subst;pl;m3;pospolita
boksery;bokser;subst;pl;m3;pospolita
Jackowi;Jack;subst;sg;m1;imię
Jacków;Jack;subst;pl;m1;imię
Jackami;Jack;subst;pl;m1;imię
Jacka;Jack;subst;sg;m1;imię
Jacka;Jack;subst;sg;m1;imię
Jack;Jack;subst;sg;m1;imię
Jacki;Jack;depr;pl;m2;imię
Jacku;Jack;subst;sg;m1;imię
Jackach;Jack;subst;pl;m1;imię
Jackom;Jack;subst;pl;m1;imię
Jacki;Jack;depr;pl;m2;imię
Jacku;Jack;subst;sg;m1;imię
Jackiem;Jack;subst;sg;m1;imię
Jacków;Jack;subst;pl;m1;imię
Jackowie;Jack;subst;pl;m1;imię
Jackowie;Jack;subst;pl;m1;imię
Dempseyom;Dempsey;subst;pl;m1;
Dempseye;Dempsey;depr;pl;m2;
Dempseyowi;Dempsey;subst;sg;m1;
Dempseyem;Dempsey;subst;sg;m1;
Dempseye;Dempsey;depr;pl;m2;
Dempseyach;Dempsey;subst;pl;m1;
Dempseya;Dempsey;subst;sg;m1;
Dempseya;Dempsey;subst;sg;m1;
Dempsey;Dempsey;subst;sg;m1;
Dempseyu;Dempsey;subst;sg;m1;
Dempseyu;Dempsey;subst;sg;m1;
Dempseyami;Dempsey;subst;pl;m1;
Dempseyów;Dempsey;subst;pl;m1;
Dempseyów;Dempsey;subst;pl;m1;
Dempseyowie;Dempsey;subst;pl;m1;
Dempseyowie;Dempsey;subst;pl;m1;
cza-czy;cza-cza;subst;sg;f;pospolita
cza-czy;cza-cza;subst;sg;f;pospolita
cza-czy;cza-cza;subst;sg;f;pospolita
cza-czy;cza-cza;subst;pl;f;pospolita
gangsterów;gangster;subst;pl;m1;pospolita
gangsterem;gangster;subst;sg;m1;pospolita
gangsterzy;gangster;subst;pl;m1;pospolita
gangsterami;gangster;subst;pl;m1;pospolita
gangsterów;gangster;subst;pl;m1;pospolita
gangsterach;gangster;subst;pl;m1;pospolita
gangstera;gangster;subst;sg;m1;pospolita
gangstera;gangster;subst;sg;m1;pospolita
gangsterowi;gangster;subst;sg;m1;pospolita
gangsterom;gangster;subst;pl;m1;pospolita
gangster;gangster;subst;sg;m1;pospolita
gangsterze;gangster;subst;sg;m1;pospolita
gangsterzy;gangster;subst;pl;m1;pospolita
gangstery;gangster;depr;pl;m2;pospolita
gangstery;gangster;depr;pl;m2;pospolita
gangsterze;gangster;subst;sg;m1;pospolita
Johnowi;John;subst;sg;m1;nazwisko
Johna;John;subst;sg;m1;nazwisko
Johny;John;depr;pl;m2;nazwisko
Johnem;John;subst;sg;m1;nazwisko
Johnom;John;subst;pl;m1;nazwisko
Johnie;John;subst;sg;m1;nazwisko
Johnie;John;subst;sg;m1;nazwisko
Johnów;John;subst;pl;m1;nazwisko
Johnowie;John;subst;pl;m1;nazwisko
Johnowie;John;subst;pl;m1;nazwisko
Johnów;John;subst;pl;m1;nazwisko
John;John;subst;sg;m1;nazwisko
Johna;John;subst;sg;m1;nazwisko
Johnach;John;subst;pl;m1;nazwisko
Johnami;John;subst;pl;m1;nazwisko
Johny;John;depr;pl;m2;nazwisko
Jamesie;James;subst;sg;m1;nazwisko
Jamesa;James;subst;sg;m1;nazwisko
Jamesie;James;subst;sg;m1;nazwisko
Jamesem;James;subst;sg;m1;nazwisko
Jamesach;James;subst;pl;m1;nazwisko
Jamesami;James;subst;pl;m1;nazwisko
Jamesa;James;subst;sg;m1;nazwisko
Jamesów;James;subst;pl;m1;nazwisko
Jamesowie;James;subst;pl;m1;nazwisko
Jamesowie;James;subst;pl;m1;nazwisko
Jamesowi;James;subst;sg;m1;nazwisko
Jamesom;James;subst;pl;m1;nazwisko
James;James;subst;sg;m1;nazwisko
Jamesy;James;depr;pl;m2;nazwisko
Jamesów;James;subst;pl;m1;nazwisko
Jamesy;James;depr;pl;m2;nazwisko
bratem;brat;subst;sg;m1;pospolita
Johnem;John;subst;sg;m1;nazwisko
urządzeniem;urządzenie;subst;sg;n2;pospolita
obrotów;obrót;subst;pl;m3;pospolita
obrót;obrót;subst;sg;m3;pospolita
obroty;obrót;subst;pl;m3;pospolita
obrotu;obrót;subst;sg;m3;pospolita
obroty;obrót;subst;pl;m3;pospolita
obroty;obrót;subst;pl;m3;pospolita
obrót;obrót;subst;sg;m3;pospolita
obrocie;obrót;subst;sg;m3;pospolita
obrotowi;obrót;subst;sg;m3;pospolita
obrocie;obrót;subst;sg;m3;pospolita
obrotom;obrót;subst;pl;m3;pospolita
obrotami;obrót;subst;pl;m3;pospolita
obrotach;obrót;subst;pl;m3;pospolita
obrotem;obrót;subst;sg;m3;pospolita
gotówki;gotówka;subst;pl;f;pospolita
gotówki;gotówka;subst;sg;f;pospolita
gotówki;gotówka;subst;pl;f;pospolita
gotówki;gotówka;subst;pl;f;pospolita
tego;to;subst;sg;n2;pospolita
temu;to;subst;sg;n2;pospolita
to;to;subst;sg;n2;pospolita
tym;to;subst;sg;n2;pospolita
tym;to;subst;sg;n2;pospolita
to;to;subst;sg;n2;pospolita
palących;paląca;subst;pl;f;pospolita
palącej;paląca;subst;sg;f;pospolita
paląca;paląca;subst;sg;f;pospolita
palącymi;paląca;subst;pl;f;pospolita
palących;paląca;subst;pl;f;pospolita
palącym;paląca;subst;pl;f;pospolita
paląca;paląca;subst;sg;f;pospolita
palące;paląca;subst;pl;f;pospolita
palące;paląca;subst;pl;f;pospolita
palące;paląca;subst;pl;f;pospolita
palącą;paląca;subst;sg;f;pospolita
palącą;paląca;subst;sg;f;pospolita
palącej;paląca;subst;sg;f;pospolita
palącej;paląca;subst;sg;f;pospolita
nadużycia;nadużycie;subst;sg;n2;pospolita
nadużycia;nadużycie;subst;pl;n2;pospolita
nadużycia;nadużycie;subst;pl;n2;pospolita
nadużycia;nadużycie;subst;pl;n2;pospolita
AL-i;AL;subst;pl;m3;własna
AMERBANK-i;AMERBANK;subst;pl;m3;organizacja
AMERBANK-i;AMERBANK;subst;pl;m3;organizacja
AMERBANK-i;AMERBANK;subst;pl;m3;organizacja
BASIC-i;BASIC;subst;pl;m3;pospolita
BASIC-i;BASIC;subst;pl;m3;pospolita
BASIC-i;BASIC;subst;pl;m3;pospolita
BIG-i;BIG;subst;pl;m3;pospolita
BIG-i;BIG;subst;pl;m3;pospolita
BIG-i;BIG;subst;pl;m3;pospolita
branle’i;branle;subst;pl;m2;pospolita
chippendale’i;chippendale;subst;pl;m2;pospolita
ChRL-i;ChRL;subst;pl;m3;geograficzna
CMYK-i;CMYK;subst;pl;m2;pospolita
CMYK-i;CMYK;subst;pl;m2;pospolita
CMYK-i;CMYK;subst;pl;m2;pospolita
COBOL-i;COBOL;subst;pl;m3;pospolita
DHL-i;DHL;subst;pl;m3;własna
DJ-i;DJ;subst;pl;m1;pospolita
DJ-i;DJ;subst;pl;m1;pospolita
EUROPOL-i;EUROPOL;subst;pl;m3;własna
FALCK-i;FALCK;subst;pl;m3;
FALCK-i;FALCK;subst;pl;m3;
FALCK-i;FALCK;subst;pl;m3;
GL-i;GL;subst;pl;m3;własna
Google’i;Google;subst;pl;m3;własna
Hawai'i;Hawai'i;subst;sg;f;geograficzna
Hawai'i;Hawai'i;subst;pl;f;geograficzna
Hawai'i;Hawai'i;subst;sg;f;geograficzna
Hawai'i;Hawai'i;subst;pl;f;geograficzna
Hawai'i;Hawai'i;subst;pl;f;geograficzna
Hawai'i;Hawai'i;subst;pl;f;geograficzna
Hawai'i;Hawai'i;subst;pl;f;geograficzna
Hawai'i;Hawai'i;subst;pl;f;geograficzna
Hawai'i;Hawai'i;subst;pl;f;geograficzna
Hawai'i;Hawai'i;subst;sg;f;geograficzna
Hawai'i;Hawai'i;subst;sg;f;geograficzna
Hawai'i;Hawai'i;subst;sg;f;geograficzna
Hawai'i;Hawai'i;subst;sg;f;geograficzna
Hawai'i;Hawai'i;subst;sg;f;geograficzna
HDL-i;HDL;subst;pl;m3;własna
HTML-i;HTML;subst;pl;m3;pospolita
IBL-i;IBL;subst;pl;m3;własna
IKE-i;IKEA;subst;sg;f;własna
IKE-i;IKEA;subst;sg;f;własna
IKE-i;IKEA;subst;sg;f;własna
IKE-i;IKEA;subst;pl;f;własna
joule’i;joule;subst;pl;m3;pospolita
KAI-i;KAI;subst;pl;m3;własna
KAL-i;KAL;subst;pl;m3;organizacja
KUL-i;KUL;subst;pl;m3;własna
LDL-i;LDL;subst;pl;m3;własna
LOK-i;LOK;subst;pl;m3;własna
LOK-i;LOK;subst;pl;m3;własna
LOK-i;LOK;subst;pl;m3;własna
MAL-i;MAL;subst;pl;m3;własna
MKOl-i;MKOl;subst;pl;m3;własna
MOK-i;MOK;subst;pl;m3;własna
MOK-i;MOK;subst;pl;m3;własna
MOK-i;MOK;subst;pl;m3;własna
MPiK-i;MPiK;subst;pl;m3;własna
MPiK-i;MPiK;subst;pl;m3;własna
MPiK-i;MPiK;subst;pl;m3;własna
NASK-i;NASK;subst;pl;m3;własna
NASK-i;NASK;subst;pl;m3;własna
NASK-i;NASK;subst;pl;m3;własna
NEC-i;NEC;subst;pl;m3;organizacja
NEC-i;NEC;subst;pl;m3;organizacja
NEC-i;NEC;subst;pl;m3;organizacja
NHL-i;NHL;subst;pl;m3;pospolita
NIK-i;NIK;subst;pl;m3;pospolita
NIK-i;NIK;subst;pl;m3;pospolita
NIK-i;NIK;subst;pl;m3;pospolita
NKOl-i;NKOl;subst;pl;m3;własna
OAPEC-i;OAPEC;subst;pl;m3;własna
OAPEC-i;OAPEC;subst;pl;m3;własna
OAPEC-i;OAPEC;subst;pl;m3;własna
OPEC-i;OPEC;subst;pl;m3;własna
OPEC-i;OPEC;subst;pl;m3;własna
OPEC-i;OPEC;subst;pl;m3;własna
PAI-i;PAI;subst;pl;m3;własna
PAL-i;PAL;subst;pl;m3;pospolita
PESEL-i;PESEL;subst;pl;m3;pospolita
PKOl-i;PKOl;subst;pl;m3;własna
PLL-i;PLL;subst;pl;m3;własna
PRL-i;PRL;subst;pl;m3;geograficzna
PRUDENTIAL-i;PRUDENTIAL;subst;pl;m3;
PSL-i;PSL;subst;pl;m3;pospolita
RAI-i;RAI;subst;pl;m3;własna
scrabble’i;scrabble;subst;pl;m2;pospolita
SDKPiL-i;SDKPiL;subst;pl;m3;własna
SGML-i;SGML;subst;pl;m3;pospolita
siècle’i;siècle;subst;pl;m3;pospolita
SKOK-i;SKOK;subst;pl;m3;własna
SKOK-i;SKOK;subst;pl;m3;własna
SKOK-i;SKOK;subst;pl;m3;własna
SOK-i;SOK;subst;pl;m3;własna
SOK-i;SOK;subst;pl;m3;własna
SOK-i;SOK;subst;pl;m3;własna
URL-i;URL;subst;pl;m3;pospolita
UŚl-i;UŚl;subst;pl;m3;własna
WIG-i;WIG;subst;pl;m3;pospolita
WIG-i;WIG;subst;pl;m3;pospolita
WIG-i;WIG;subst;pl;m3;pospolita
XML-i;XML;subst;pl;m3;pospolita
ZSL-i;ZSL;subst;pl;m3;własna
błędy;błąd;subst;pl;m3;pospolita
błędy;błąd;subst;pl;m3;pospolita
błędy;błąd;subst;pl;m3;pospolita
kasjerów;kasjer;subst;pl;m1;pospolita
kasjerów;kasjer;subst;pl;m1;pospolita
urządzenia;urządzenie;subst;pl;n2;pospolita
urządzeniach;urządzenie;subst;pl;n2;pospolita
urządzenia;urządzenie;subst;pl;n2;pospolita
urządzenia;urządzenie;subst;pl;n2;pospolita
urządzenia;urządzenie;subst;sg;n2;pospolita
urządzeniami;urządzenie;subst;pl;n2;pospolita
urządzeń;urządzenie;subst;pl;n2;pospolita
urządzenie;urządzenie;subst;sg;n2;pospolita
urządzeniu;urządzenie;subst;sg;n2;pospolita
urządzeniom;urządzenie;subst;pl;n2;pospolita
urządzeniem;urządzenie;subst;sg;n2;pospolita
urządzenie;urządzenie;subst;sg;n2;pospolita
urządzenie;urządzenie;subst;sg;n2;pospolita
urządzeniu;urządzenie;subst;sg;n2;pospolita
urządzeniem;urządzenie;subst;sg;n2;pospolita
do;do;subst;sg;n2;pospolita
do;do;subst;pl;n2;pospolita
do;do;subst;pl;n2;pospolita
do;do;subst;pl;n2;pospolita
do;do;subst;pl;n2;pospolita
do;do;subst;pl;n2;pospolita
do;do;subst;pl;n2;pospolita
do;do;subst;sg;n2;pospolita
do;do;subst;sg;n2;pospolita
do;do;subst;sg;n2;pospolita
do;do;subst;pl;n2;pospolita
do;do;subst;sg;n2;pospolita
do;do;subst;sg;n2;pospolita
do;do;subst;sg;n2;pospolita
zliczania;zliczanie;subst;pl;n2;pospolita
zliczania;zliczanie;subst;sg;n2;pospolita
zliczania;zliczanie;subst;pl;n2;pospolita
zliczania;zliczanie;subst;pl;n2;pospolita
obrotów;obrót;subst;pl;m3;pospolita
śruby;śruba;subst;pl;f;pospolita
śruby;śruba;subst;pl;f;pospolita
śruby;śruba;subst;sg;f;pospolita
śruby;śruba;subst;pl;f;pospolita
trzecie;trzeci;subst;pl;m3;pospolita
trzecie;trzeci;subst;pl;m3;pospolita
trzecie;trzeci;subst;pl;m3;pospolita
trzecie;trzeci;subst;pl;m2;pospolita
trzecie;trzeci;subst;pl;m2;pospolita
trzecie;trzeci;subst;pl;m2;pospolita
trzecie;trzecia;subst;pl;f;pospolita
trzecie;trzecia;subst;pl;f;pospolita
trzecie;trzecia;subst;pl;f;pospolita
sukcesy;sukces;subst;pl;m3;pospolita
sukcesy;sukces;subst;pl;m3;pospolita
sukcesu;sukces;subst;sg;m3;pospolita
sukcesy;sukces;subst;pl;m3;pospolita
prototypach;prototyp;subst;pl;m3;pospolita
prototypie;prototyp;subst;sg;m3;pospolita
prototyp;prototyp;subst;sg;m3;pospolita
prototyp;prototyp;subst;sg;m3;pospolita
prototypami;prototyp;subst;pl;m3;pospolita
prototypie;prototyp;subst;sg;m3;pospolita
prototypem;prototyp;subst;sg;m3;pospolita
prototypom;prototyp;subst;pl;m3;pospolita
prototypowi;prototyp;subst;sg;m3;pospolita
prototypy;prototyp;subst;pl;m3;pospolita
prototypu;prototyp;subst;sg;m3;pospolita
prototypów;prototyp;subst;pl;m3;pospolita
prototypy;prototyp;subst;pl;m3;pospolita
prototypy;prototyp;subst;pl;m3;pospolita
roku;rok;subst;sg;m3;pospolita
roku;rok;subst;sg;m3;pospolita
roku;rok;subst;sg;m3;pospolita
roku;rok;subst;sg;m3;pospolita
roku;rok;subst;sg;m3;pospolita
roku;rok;subst;sg;m3;pospolita
jako;jaka;subst;sg;f;pospolita
prowadzenia;prowadzenie;subst;sg;n2;pospolita
prowadzenia;prowadzenie;subst;pl;n2;pospolita
prowadzenie;prowadzenie;subst;sg;n2;pospolita
prowadzenia;prowadzenie;subst;pl;n2;pospolita
prowadzenia;prowadzenie;subst;pl;n2;pospolita
prowadzeniach;prowadzenie;subst;pl;n2;pospolita
prowadzenie;prowadzenie;subst;sg;n2;pospolita
prowadzenie;prowadzenie;subst;sg;n2;pospolita
prowadzeniami;prowadzenie;subst;pl;n2;pospolita
prowadzeniom;prowadzenie;subst;pl;n2;pospolita
prowadzeniem;prowadzenie;subst;sg;n2;pospolita
prowadzeń;prowadzenie;subst;pl;n2;pospolita
prowadzeniu;prowadzenie;subst;sg;n2;pospolita
prowadzeniu;prowadzenie;subst;sg;n2;pospolita
interesów;interes;subst;pl;m3;pospolita
możliwością;możliwość;subst;sg;f;pospolita
możliwością;możliwość;subst;sg;f;pospolita
Jacobach;Jacob;subst;pl;m1;
Jacoby;Jacob;depr;pl;m2;
Jacoba;Jacob;subst;sg;m1;
Jacobem;Jacob;subst;sg;m1;
Jacobie;Jacob;subst;sg;m1;
Jacobowi;Jacob;subst;sg;m1;
Jacobów;Jacob;subst;pl;m1;
Jacoba;Jacob;subst;sg;m1;
Jacob;Jacob;subst;sg;m1;
Jacobie;Jacob;subst;sg;m1;
Jacoby;Jacob;depr;pl;m2;
Jacobami;Jacob;subst;pl;m1;
Jacobów;Jacob;subst;pl;m1;
Jacobom;Jacob;subst;pl;m1;
Jacobowie;Jacob;subst;pl;m1;
Jacobowie;Jacob;subst;pl;m1;
HB;HB;subst;pl;m3;pospolita
HB;HB;subst;sg;m3;pospolita
HB;HB;subst;sg;m3;pospolita
HB;HB;subst;sg;m3;pospolita
HB;HB;subst;pl;m3;pospolita
HB;HB;subst;pl;m3;pospolita
HB;HB;subst;sg;m3;pospolita
HB;HB;subst;sg;m3;pospolita
HB;HB;subst;sg;m3;pospolita
HB;HB;subst;pl;m3;pospolita
HB;HB;subst;sg;m3;pospolita
HB;HB;subst;pl;m3;pospolita
HB;HB;subst;pl;m3;pospolita
HB;HB;subst;pl;m3;pospolita
HP;HP;subst;pl;n2;organizacja
HP;HP;subst;pl;m3;organizacja
HP;HP;subst;sg;m3;organizacja
HP;HP;subst;pl;m3;organizacja
HP;HP;subst;sg;n2;organizacja
HP;HP;subst;pl;n2;organizacja
HP;HP;subst;pl;m3;organizacja
HP;HP;subst;pl;m3;organizacja
HP;HP;subst;pl;m3;organizacja
HP;HP;subst;sg;m3;organizacja
HP;HP;subst;sg;m3;organizacja
HP;HP;subst;sg;m3;organizacja
HP;HP;subst;pl;n2;organizacja
HP;HP;subst;sg;n2;organizacja
HP;HP;subst;sg;n2;organizacja
HP;HP;subst;sg;n2;organizacja
HP;HP;subst;sg;m3;organizacja
HP;HP;subst;pl;m3;organizacja
HP;HP;subst;sg;m3;organizacja
HP;HP;subst;sg;n2;organizacja
HP;HP;subst;sg;m3;organizacja
HP;HP;subst;pl;m3;organizacja
HP;HP;subst;sg;n2;organizacja
HP;HP;subst;sg;n2;organizacja
HP;HP;subst;pl;n2;organizacja
HP;HP;subst;pl;n2;organizacja
HP;HP;subst;pl;n2;organizacja
HP;HP;subst;pl;n2;organizacja
sprzedawcy;sprzedawca;subst;sg;m1;pospolita
sprzedawcę;sprzedawca;subst;sg;m1;pospolita
sprzedawce;sprzedawca;depr;pl;m2;pospolita
sprzedawce;sprzedawca;depr;pl;m2;pospolita
sprzedawcą;sprzedawca;subst;sg;m1;pospolita
sprzedawcami;sprzedawca;subst;pl;m1;pospolita
sprzedawcach;sprzedawca;subst;pl;m1;pospolita
sprzedawca;sprzedawca;subst;sg;m1;pospolita
sprzedawcy;sprzedawca;subst;sg;m1;pospolita
sprzedawcom;sprzedawca;subst;pl;m1;pospolita
sprzedawco;sprzedawca;subst;sg;m1;pospolita
sprzedawcy;sprzedawca;subst;sg;m1;pospolita
sprzedawców;sprzedawca;subst;pl;m1;pospolita
sprzedawców;sprzedawca;subst;pl;m1;pospolita
sprzedawcy;sprzedawca;subst;pl;m1;pospolita
sprzedawcy;sprzedawca;subst;pl;m1;pospolita
szkłom;szkła;subst;pl;p3;pospolita
szkłami;szkła;subst;pl;p3;pospolita
szkłach;szkła;subst;pl;p3;pospolita
szkła;szkła;subst;pl;p3;pospolita
szkła;szkła;subst;pl;p3;pospolita
szkła;szkła;subst;pl;p3;pospolita
szkieł;szkła;subst;pl;p3;pospolita
szkła;szkło;subst;pl;n2;pospolita
szkła;szkło;subst;pl;n2;pospolita
szkła;szkło;subst;pl;n2;pospolita
szkła;szkło;subst;sg;n2;pospolita
AL-i;AL;subst;pl;m3;własna
AMERBANK-i;AMERBANK;subst;pl;m3;organizacja
AMERBANK-i;AMERBANK;subst;pl;m3;organizacja
AMERBANK-i;AMERBANK;subst;pl;m3;organizacja
BASIC-i;BASIC;subst;pl;m3;pospolita
BASIC-i;BASIC;subst;pl;m3;pospolita
BASIC-i;BASIC;subst;pl;m3;pospolita
BIG-i;BIG;subst;pl;m3;pospolita
BIG-i;BIG;subst;pl;m3;pospolita
BIG-i;BIG;subst;pl;m3;pospolita
branle’i;branle;subst;pl;m2;pospolita
chippendale’i;chippendale;subst;pl;m2;pospolita
ChRL-i;ChRL;subst;pl;m3;geograficzna
CMYK-i;CMYK;subst;pl;m2;pospolita
CMYK-i;CMYK;subst;pl;m2;pospolita
CMYK-i;CMYK;subst;pl;m2;pospolita
COBOL-i;COBOL;subst;pl;m3;pospolita
DHL-i;DHL;subst;pl;m3;własna
DJ-i;DJ;subst;pl;m1;pospolita
DJ-i;DJ;subst;pl;m1;pospolita
EUROPOL-i;EUROPOL;subst;pl;m3;własna
FALCK-i;FALCK;subst;pl;m3;
FALCK-i;FALCK;subst;pl;m3;
FALCK-i;FALCK;subst;pl;m3;
GL-i;GL;subst;pl;m3;własna
Google’i;Google;subst;pl;m3;własna
Hawai'i;Hawai'i;subst;sg;f;geograficzna
Hawai'i;Hawai'i;subst;pl;f;geograficzna
Hawai'i;Hawai'i;subst;sg;f;geograficzna
Hawai'i;Hawai'i;subst;pl;f;geograficzna
Hawai'i;Hawai'i;subst;pl;f;geograficzna
Hawai'i;Hawai'i;subst;pl;f;geograficzna
Hawai'i;Hawai'i;subst;pl;f;geograficzna
Hawai'i;Hawai'i;subst;pl;f;geograficzna
Hawai'i;Hawai'i;subst;pl;f;geograficzna
Hawai'i;Hawai'i;subst;sg;f;geograficzna
Hawai'i;Hawai'i;subst;sg;f;geograficzna
Hawai'i;Hawai'i;subst;sg;f;geograficzna
Hawai'i;Hawai'i;subst;sg;f;geograficzna
Hawai'i;Hawai'i;subst;sg;f;geograficzna
HDL-i;HDL;subst;pl;m3;własna
HTML-i;HTML;subst;pl;m3;pospolita
IBL-i;IBL;subst;pl;m3;własna
IKE-i;IKEA;subst;sg;f;własna
IKE-i;IKEA;subst;sg;f;własna
IKE-i;IKEA;subst;sg;f;własna
IKE-i;IKEA;subst;pl;f;własna
joule’i;joule;subst;pl;m3;pospolita
KAI-i;KAI;subst;pl;m3;własna
KAL-i;KAL;subst;pl;m3;organizacja
KUL-i;KUL;subst;pl;m3;własna
LDL-i;LDL;subst;pl;m3;własna
LOK-i;LOK;subst;pl;m3;własna
LOK-i;LOK;subst;pl;m3;własna
LOK-i;LOK;subst;pl;m3;własna
MAL-i;MAL;subst;pl;m3;własna
MKOl-i;MKOl;subst;pl;m3;własna
MOK-i;MOK;subst;pl;m3;własna
MOK-i;MOK;subst;pl;m3;własna
MOK-i;MOK;subst;pl;m3;własna
MPiK-i;MPiK;subst;pl;m3;własna
MPiK-i;MPiK;subst;pl;m3;własna
MPiK-i;MPiK;subst;pl;m3;własna
NASK-i;NASK;subst;pl;m3;własna
NASK-i;NASK;subst;pl;m3;własna
NASK-i;NASK;subst;pl;m3;własna
NEC-i;NEC;subst;pl;m3;organizacja
NEC-i;NEC;subst;pl;m3;organizacja
NEC-i;NEC;subst;pl;m3;organizacja
NHL-i;NHL;subst;pl;m3;pospolita
NIK-i;NIK;subst;pl;m3;pospolita
NIK-i;NIK;subst;pl;m3;pospolita
NIK-i;NIK;subst;pl;m3;pospolita
NKOl-i;NKOl;subst;pl;m3;własna
OAPEC-i;OAPEC;subst;pl;m3;własna
OAPEC-i;OAPEC;subst;pl;m3;własna
OAPEC-i;OAPEC;subst;pl;m3;własna
OPEC-i;OPEC;subst;pl;m3;własna
OPEC-i;OPEC;subst;pl;m3;własna
OPEC-i;OPEC;subst;pl;m3;własna
PAI-i;PAI;subst;pl;m3;własna
PAL-i;PAL;subst;pl;m3;pospolita
PESEL-i;PESEL;subst;pl;m3;pospolita
PKOl-i;PKOl;subst;pl;m3;własna
PLL-i;PLL;subst;pl;m3;własna
PRL-i;PRL;subst;pl;m3;geograficzna
PRUDENTIAL-i;PRUDENTIAL;subst;pl;m3;
PSL-i;PSL;subst;pl;m3;pospolita
RAI-i;RAI;subst;pl;m3;własna
scrabble’i;scrabble;subst;pl;m2;pospolita
SDKPiL-i;SDKPiL;subst;pl;m3;własna
SGML-i;SGML;subst;pl;m3;pospolita
siècle’i;siècle;subst;pl;m3;pospolita
SKOK-i;SKOK;subst;pl;m3;własna
SKOK-i;SKOK;subst;pl;m3;własna
SKOK-i;SKOK;subst;pl;m3;własna
SOK-i;SOK;subst;pl;m3;własna
SOK-i;SOK;subst;pl;m3;własna
SOK-i;SOK;subst;pl;m3;własna
URL-i;URL;subst;pl;m3;pospolita
UŚl-i;UŚl;subst;pl;m3;własna
WIG-i;WIG;subst;pl;m3;pospolita
WIG-i;WIG;subst;pl;m3;pospolita
WIG-i;WIG;subst;pl;m3;pospolita
XML-i;XML;subst;pl;m3;pospolita
ZSL-i;ZSL;subst;pl;m3;własna
bazie;baza;subst;sg;f;pospolita
bazie;baza;subst;sg;f;pospolita
bazie;bazia;subst;pl;f;pospolita
bazie;bazia;subst;pl;f;pospolita
bazie;bazia;subst;pl;f;pospolita
przedsiębiorstwu;przedsiębiorstwo;subst;sg;n2;pospolita
przedsiębiorstwom;przedsiębiorstwo;subst;pl;n2;pospolita
przedsiębiorstwa;przedsiębiorstwo;subst;pl;n2;pospolita
przedsiębiorstwo;przedsiębiorstwo;subst;sg;n2;pospolita
przedsiębiorstw;przedsiębiorstwo;subst;pl;n2;pospolita
przedsiębiorstwach;przedsiębiorstwo;subst;pl;n2;pospolita
przedsiębiorstwo;przedsiębiorstwo;subst;sg;n2;pospolita
przedsiębiorstwa;przedsiębiorstwo;subst;sg;n2;pospolita
przedsiębiorstwa;przedsiębiorstwo;subst;pl;n2;pospolita
przedsiębiorstwa;przedsiębiorstwo;subst;pl;n2;pospolita
przedsiębiorstwo;przedsiębiorstwo;subst;sg;n2;pospolita
przedsiębiorstwie;przedsiębiorstwo;subst;sg;n2;pospolita
przedsiębiorstwem;przedsiębiorstwo;subst;sg;n2;pospolita
przedsiębiorstwami;przedsiębiorstwo;subst;pl;n2;pospolita
W-Z;W-Z;subst;sg;f;pospolita
W-Z;W-Z;subst;pl;f;pospolita
W-Z;W-Z;subst;pl;f;pospolita
W-Z;W-Z;subst;pl;f;pospolita
W-Z;W-Z;subst;pl;f;pospolita
W-Z;W-Z;subst;pl;f;pospolita
W-Z;W-Z;subst;sg;f;pospolita
W-Z;W-Z;subst;sg;f;pospolita
W-Z;W-Z;subst;sg;f;pospolita
W-Z;W-Z;subst;pl;f;pospolita
W-Z;W-Z;subst;pl;f;pospolita
W-Z;W-Z;subst;sg;f;pospolita
W-Z;W-Z;subst;sg;f;pospolita
W-Z;W-Z;subst;sg;f;pospolita
roku;rok;subst;sg;m3;pospolita
roku;rok;subst;sg;m3;pospolita
roku;rok;subst;sg;m3;pospolita
roku;rok;subst;sg;m3;pospolita
roku;rok;subst;sg;m3;pospolita
roku;rok;subst;sg;m3;pospolita
przedsiębiorstwu;przedsiębiorstwo;subst;sg;n2;pospolita
przedsiębiorstwom;przedsiębiorstwo;subst;pl;n2;pospolita
przedsiębiorstwa;przedsiębiorstwo;subst;pl;n2;pospolita
przedsiębiorstwo;przedsiębiorstwo;subst;sg;n2;pospolita
przedsiębiorstw;przedsiębiorstwo;subst;pl;n2;pospolita
przedsiębiorstwach;przedsiębiorstwo;subst;pl;n2;pospolita
przedsiębiorstwo;przedsiębiorstwo;subst;sg;n2;pospolita
przedsiębiorstwa;przedsiębiorstwo;subst;sg;n2;pospolita
przedsiębiorstwa;przedsiębiorstwo;subst;pl;n2;pospolita
przedsiębiorstwa;przedsiębiorstwo;subst;pl;n2;pospolita
przedsiębiorstwo;przedsiębiorstwo;subst;sg;n2;pospolita
przedsiębiorstwie;przedsiębiorstwo;subst;sg;n2;pospolita
przedsiębiorstwem;przedsiębiorstwo;subst;sg;n2;pospolita
przedsiębiorstwami;przedsiębiorstwo;subst;pl;n2;pospolita
Johnowi;John;subst;sg;m1;nazwisko
Johna;John;subst;sg;m1;nazwisko
Johny;John;depr;pl;m2;nazwisko
Johnem;John;subst;sg;m1;nazwisko
Johnom;John;subst;pl;m1;nazwisko
Johnie;John;subst;sg;m1;nazwisko
Johnie;John;subst;sg;m1;nazwisko
Johnów;John;subst;pl;m1;nazwisko
Johnowie;John;subst;pl;m1;nazwisko
Johnowie;John;subst;pl;m1;nazwisko
Johnów;John;subst;pl;m1;nazwisko
John;John;subst;sg;m1;nazwisko
Johna;John;subst;sg;m1;nazwisko
Johnach;John;subst;pl;m1;nazwisko
Johnami;John;subst;pl;m1;nazwisko
Johny;John;depr;pl;m2;nazwisko
HB;HB;subst;pl;m3;pospolita
HB;HB;subst;sg;m3;pospolita
HB;HB;subst;sg;m3;pospolita
HB;HB;subst;sg;m3;pospolita
HB;HB;subst;pl;m3;pospolita
HB;HB;subst;pl;m3;pospolita
HB;HB;subst;sg;m3;pospolita
HB;HB;subst;sg;m3;pospolita
HB;HB;subst;sg;m3;pospolita
HB;HB;subst;pl;m3;pospolita
HB;HB;subst;sg;m3;pospolita
HB;HB;subst;pl;m3;pospolita
HB;HB;subst;pl;m3;pospolita
HB;HB;subst;pl;m3;pospolita
HP;HP;subst;pl;n2;organizacja
HP;HP;subst;pl;m3;organizacja
HP;HP;subst;sg;m3;organizacja
HP;HP;subst;pl;m3;organizacja
HP;HP;subst;sg;n2;organizacja
HP;HP;subst;pl;n2;organizacja
HP;HP;subst;pl;m3;organizacja
HP;HP;subst;pl;m3;organizacja
HP;HP;subst;pl;m3;organizacja
HP;HP;subst;sg;m3;organizacja
HP;HP;subst;sg;m3;organizacja
HP;HP;subst;sg;m3;organizacja
HP;HP;subst;pl;n2;organizacja
HP;HP;subst;sg;n2;organizacja
HP;HP;subst;sg;n2;organizacja
HP;HP;subst;sg;n2;organizacja
HP;HP;subst;sg;m3;organizacja
HP;HP;subst;pl;m3;organizacja
HP;HP;subst;sg;m3;organizacja
HP;HP;subst;sg;n2;organizacja
HP;HP;subst;sg;m3;organizacja
HP;HP;subst;pl;m3;organizacja
HP;HP;subst;sg;n2;organizacja
HP;HP;subst;sg;n2;organizacja
HP;HP;subst;pl;n2;organizacja
HP;HP;subst;pl;n2;organizacja
HP;HP;subst;pl;n2;organizacja
HP;HP;subst;pl;n2;organizacja
firmę;firma;subst;sg;f;pospolita
Pattersonowie;Patterson;subst;pl;m1;
Pattersonach;Patterson;subst;pl;m1;
Patterson;Patterson;subst;sg;m1;
Pattersona;Patterson;subst;sg;m1;
Pattersona;Patterson;subst;sg;m1;
Pattersonowie;Patterson;subst;pl;m1;
Pattersonie;Patterson;subst;sg;m1;
Pattersonami;Patterson;subst;pl;m1;
Pattersonem;Patterson;subst;sg;m1;
Pattersonie;Patterson;subst;sg;m1;
Pattersonowi;Patterson;subst;sg;m1;
Pattersonom;Patterson;subst;pl;m1;
Pattersonów;Patterson;subst;pl;m1;
Pattersonów;Patterson;subst;pl;m1;
Pattersony;Patterson;depr;pl;m2;
Pattersony;Patterson;depr;pl;m2;
wynalazkom;wynalazek;subst;pl;m3;pospolita
wynalazkiem;wynalazek;subst;sg;m3;pospolita
wynalazku;wynalazek;subst;sg;m3;pospolita
wynalazków;wynalazek;subst;pl;m3;pospolita
wynalazkowi;wynalazek;subst;sg;m3;pospolita
wynalazku;wynalazek;subst;sg;m3;pospolita
wynalazku;wynalazek;subst;sg;m3;pospolita
wynalazki;wynalazek;subst;pl;m3;pospolita
wynalazek;wynalazek;subst;sg;m3;pospolita
wynalazek;wynalazek;subst;sg;m3;pospolita
wynalazki;wynalazek;subst;pl;m3;pospolita
wynalazkami;wynalazek;subst;pl;m3;pospolita
wynalazkach;wynalazek;subst;pl;m3;pospolita
wynalazki;wynalazek;subst;pl;m3;pospolita
dodanie;dodanie;subst;sg;n2;pospolita
dodania;dodanie;subst;sg;n2;pospolita
dodania;dodanie;subst;pl;n2;pospolita
dodania;dodanie;subst;pl;n2;pospolita
dodania;dodanie;subst;pl;n2;pospolita
dodaniami;dodanie;subst;pl;n2;pospolita
dodaniach;dodanie;subst;pl;n2;pospolita
dodanie;dodanie;subst;sg;n2;pospolita
dodanie;dodanie;subst;sg;n2;pospolita
dodaniem;dodanie;subst;sg;n2;pospolita
dodaniom;dodanie;subst;pl;n2;pospolita
dodań;dodanie;subst;pl;n2;pospolita
dodaniu;dodanie;subst;sg;n2;pospolita
dodaniu;dodanie;subst;sg;n2;pospolita
rolki;rolka;subst;pl;f;pospolita
rolki;rolka;subst;pl;f;pospolita
rolki;rolka;subst;pl;f;pospolita
rolki;rolka;subst;sg;f;pospolita
rolkom;rolki;subst;pl;p3;pospolita
rolki;rolki;subst;pl;p3;pospolita
rolki;rolki;subst;pl;p3;pospolita
rolki;rolki;subst;pl;p3;pospolita
rolkach;rolki;subst;pl;p3;pospolita
rolkami;rolki;subst;pl;p3;pospolita
rolek;rolki;subst;pl;p3;pospolita
roku;rok;subst;sg;m3;pospolita
roku;rok;subst;sg;m3;pospolita
roku;rok;subst;sg;m3;pospolita
roku;rok;subst;sg;m3;pospolita
roku;rok;subst;sg;m3;pospolita
roku;rok;subst;sg;m3;pospolita
zatrudnionym;zatrudniony;subst;sg;m1;pospolita
zatrudnionych;zatrudniony;subst;pl;m1;pospolita
zatrudnionego;zatrudniony;subst;sg;m1;pospolita
zatrudnionym;zatrudniony;subst;pl;m1;pospolita
zatrudnione;zatrudniony;depr;pl;m2;pospolita
zatrudnionego;zatrudniony;subst;sg;m1;pospolita
zatrudnione;zatrudniony;depr;pl;m2;pospolita
zatrudnionymi;zatrudniony;subst;pl;m1;pospolita
zatrudnionym;zatrudniony;subst;sg;m1;pospolita
zatrudnionych;zatrudniony;subst;pl;m1;pospolita
zatrudniony;zatrudniony;subst;sg;m1;pospolita
zatrudniony;zatrudniony;subst;sg;m1;pospolita
zatrudnionemu;zatrudniony;subst;sg;m1;pospolita
zatrudnionych;zatrudniony;subst;pl;m1;pospolita
zatrudnieni;zatrudniony;subst;pl;m1;pospolita
zatrudnieni;zatrudniony;subst;pl;m1;pospolita
Charlesie;Charles;subst;sg;m1;imię
Charlesie;Charles;subst;sg;m1;imię
Charlesem;Charles;subst;sg;m1;imię
Charles;Charles;subst;sg;m1;imię
Charlesowie;Charles;subst;pl;m1;imię
Charlesa;Charles;subst;sg;m1;imię
Charlesami;Charles;subst;pl;m1;imię
Charlesa;Charles;subst;sg;m1;imię
Charlesach;Charles;subst;pl;m1;imię
Charlesów;Charles;subst;pl;m1;imię
Charlesi;Charles;subst;pl;m1;imię
Charlesi;Charles;subst;pl;m1;imię
Charlesy;Charles;depr;pl;m2;imię
Charlesy;Charles;depr;pl;m2;imię
Charlesowie;Charles;subst;pl;m1;imię
Charlesów;Charles;subst;pl;m1;imię
Charlesowi;Charles;subst;sg;m1;imię
Charlesom;Charles;subst;pl;m1;imię
Charles’owie;Charles;subst;pl;m1;imię
Charles’e;Charles;depr;pl;m2;imię
Charles’e;Charles;depr;pl;m2;imię
Charles;Charles;subst;sg;m1;imię
Charles’owie;Charles;subst;pl;m1;imię
Charles’ami;Charles;subst;pl;m1;imię
Charles’ach;Charles;subst;pl;m1;imię
Charles’a;Charles;subst;sg;m1;imię
Charles’a;Charles;subst;sg;m1;imię
Charles’em;Charles;subst;sg;m1;imię
Charles’ów;Charles;subst;pl;m1;imię
Charles’u;Charles;subst;sg;m1;imię
Charles’ów;Charles;subst;pl;m1;imię
Charles’u;Charles;subst;sg;m1;imię
Charles’owi;Charles;subst;sg;m1;imię
Charles’om;Charles;subst;pl;m1;imię
FA-cie;FAT;subst;sg;m3;pospolita
FA-cie;FAT;subst;sg;m3;pospolita
FC;FC;subst;sg;m3;własna
FC;FC;subst;sg;m3;własna
FC;FC;subst;sg;n2;własna
FC;FC;subst;sg;n2;własna
FC;FC;subst;pl;m3;własna
FC;FC;subst;pl;m3;własna
FC;FC;subst;pl;m3;własna
FC;FC;subst;sg;m3;własna
FC;FC;subst;sg;m3;własna
FC;FC;subst;pl;n2;własna
FC;FC;subst;sg;n2;własna
FC;FC;subst;sg;n2;własna
FC;FC;subst;sg;m3;własna
FC;FC;subst;sg;m3;własna
FC;FC;subst;sg;n2;własna
FC;FC;subst;pl;n2;własna
FC;FC;subst;pl;m3;własna
FC;FC;subst;pl;m3;własna
FC;FC;subst;pl;m3;własna
FC;FC;subst;sg;m3;własna
FC;FC;subst;sg;n2;własna
FC;FC;subst;sg;n2;własna
FC;FC;subst;pl;n2;własna
FC;FC;subst;pl;m3;własna
FC;FC;subst;pl;n2;własna
FC;FC;subst;pl;n2;własna
FC;FC;subst;pl;n2;własna
FC;FC;subst;pl;n2;własna
FK;FK;subst;sg;f;własna
FK;FK;subst;sg;f;własna
FK;FK;subst;pl;f;własna
FK;FK;subst;pl;f;własna
FK;FK;subst;sg;f;własna
FK;FK;subst;pl;f;własna
FK;FK;subst;pl;f;własna
FK;FK;subst;pl;f;własna
FK;FK;subst;sg;f;własna
FK;FK;subst;sg;f;własna
FK;FK;subst;sg;f;własna
FK;FK;subst;pl;f;własna
FK;FK;subst;pl;f;własna
FK;FK;subst;sg;f;własna
FN-y;FN;subst;pl;m3;własna
FN;FN;subst;pl;n2;własna
FN;FN;subst;sg;m3;własna
FN;FN;subst;pl;n2;własna
FN;FN;subst;sg;m3;własna
FN;FN;subst;pl;n2;własna
FN;FN;subst;pl;n2;własna
FN;FN;subst;pl;n2;własna
FN;FN;subst;sg;n2;własna
FN;FN;subst;sg;n2;własna
FN;FN;subst;sg;n2;własna
FN-ach;FN;subst;pl;m3;własna
FN-em;FN;subst;sg;m3;własna
FN-ie;FN;subst;sg;m3;własna
FN-ów;FN;subst;pl;m3;własna
FN-y;FN;subst;pl;m3;własna
FN-y;FN;subst;pl;m3;własna
FN-u;FN;subst;sg;m3;własna
FN;FN;subst;sg;n2;własna
FN;FN;subst;sg;n2;własna
FN;FN;subst;pl;n2;własna
FN;FN;subst;pl;n2;własna
FN;FN;subst;sg;n2;własna
FN-owi;FN;subst;sg;m3;własna
FN-ami;FN;subst;pl;m3;własna
FN-om;FN;subst;pl;m3;własna
FN;FN;subst;sg;n2;własna
FN-ie;FN;subst;sg;m3;własna
Fo;Fo;subst;pl;m1;nazwisko
Fo;Fo;subst;pl;m1;nazwisko
Fo;Fo;depr;pl;m2;nazwisko
Fo;Fo;subst;pl;m1;nazwisko
Fo;Fo;depr;pl;m2;nazwisko
Fo;Fo;subst;pl;m1;nazwisko
Fo;Fo;subst;pl;m1;nazwisko
Fo;Fo;subst;pl;m1;nazwisko
Fo;Fo;subst;sg;m1;nazwisko
Fo;Fo;subst;sg;m1;nazwisko
Fo;Fo;subst;sg;m1;nazwisko
Fo;Fo;subst;pl;m1;nazwisko
Fo;Fo;subst;sg;m1;nazwisko
Fo;Fo;subst;sg;m1;nazwisko
Fo;Fo;subst;sg;m1;nazwisko
Fo;Fo;subst;sg;m1;nazwisko
do;do;subst;sg;n2;pospolita
do;do;subst;pl;n2;pospolita
do;do;subst;pl;n2;pospolita
do;do;subst;pl;n2;pospolita
do;do;subst;pl;n2;pospolita
do;do;subst;pl;n2;pospolita
do;do;subst;pl;n2;pospolita
do;do;subst;sg;n2;pospolita
do;do;subst;sg;n2;pospolita
do;do;subst;sg;n2;pospolita
do;do;subst;pl;n2;pospolita
do;do;subst;sg;n2;pospolita
do;do;subst;sg;n2;pospolita
do;do;subst;sg;n2;pospolita
maszyny;maszyna;subst;sg;f;pospolita
maszyny;maszyna;subst;pl;f;pospolita
maszyny;maszyna;subst;pl;f;pospolita
maszyny;maszyna;subst;pl;f;pospolita
napędzie;napęd;subst;sg;m3;pospolita
napędzie;napęd;subst;sg;m3;pospolita
napędy;napęd;subst;pl;m3;pospolita
napędach;napęd;subst;pl;m3;pospolita
napęd;napęd;subst;sg;m3;pospolita
napęd;napęd;subst;sg;m3;pospolita
napędy;napęd;subst;pl;m3;pospolita
napędami;napęd;subst;pl;m3;pospolita
napędem;napęd;subst;sg;m3;pospolita
napędowi;napęd;subst;sg;m3;pospolita
napędy;napęd;subst;pl;m3;pospolita
napędom;napęd;subst;pl;m3;pospolita
napędu;napęd;subst;sg;m3;pospolita
napędów;napęd;subst;pl;m3;pospolita
maszyny;maszyna;subst;sg;f;pospolita
maszyny;maszyna;subst;pl;f;pospolita
maszyny;maszyna;subst;pl;f;pospolita
maszyny;maszyna;subst;pl;f;pospolita
typów;typ;subst;pl;m3;pospolita
typów;typ;subst;pl;m1;pospolita
typów;typ;subst;pl;m1;pospolita
AL-i;AL;subst;pl;m3;własna
AMERBANK-i;AMERBANK;subst;pl;m3;organizacja
AMERBANK-i;AMERBANK;subst;pl;m3;organizacja
AMERBANK-i;AMERBANK;subst;pl;m3;organizacja
BASIC-i;BASIC;subst;pl;m3;pospolita
BASIC-i;BASIC;subst;pl;m3;pospolita
BASIC-i;BASIC;subst;pl;m3;pospolita
BIG-i;BIG;subst;pl;m3;pospolita
BIG-i;BIG;subst;pl;m3;pospolita
BIG-i;BIG;subst;pl;m3;pospolita
branle’i;branle;subst;pl;m2;pospolita
chippendale’i;chippendale;subst;pl;m2;pospolita
ChRL-i;ChRL;subst;pl;m3;geograficzna
CMYK-i;CMYK;subst;pl;m2;pospolita
CMYK-i;CMYK;subst;pl;m2;pospolita
CMYK-i;CMYK;subst;pl;m2;pospolita
COBOL-i;COBOL;subst;pl;m3;pospolita
DHL-i;DHL;subst;pl;m3;własna
DJ-i;DJ;subst;pl;m1;pospolita
DJ-i;DJ;subst;pl;m1;pospolita
EUROPOL-i;EUROPOL;subst;pl;m3;własna
FALCK-i;FALCK;subst;pl;m3;
FALCK-i;FALCK;subst;pl;m3;
FALCK-i;FALCK;subst;pl;m3;
GL-i;GL;subst;pl;m3;własna
Google’i;Google;subst;pl;m3;własna
Hawai'i;Hawai'i;subst;sg;f;geograficzna
Hawai'i;Hawai'i;subst;pl;f;geograficzna
Hawai'i;Hawai'i;subst;sg;f;geograficzna
Hawai'i;Hawai'i;subst;pl;f;geograficzna
Hawai'i;Hawai'i;subst;pl;f;geograficzna
Hawai'i;Hawai'i;subst;pl;f;geograficzna
Hawai'i;Hawai'i;subst;pl;f;geograficzna
Hawai'i;Hawai'i;subst;pl;f;geograficzna
Hawai'i;Hawai'i;subst;pl;f;geograficzna
Hawai'i;Hawai'i;subst;sg;f;geograficzna
Hawai'i;Hawai'i;subst;sg;f;geograficzna
Hawai'i;Hawai'i;subst;sg;f;geograficzna
Hawai'i;Hawai'i;subst;sg;f;geograficzna
Hawai'i;Hawai'i;subst;sg;f;geograficzna
HDL-i;HDL;subst;pl;m3;własna
HTML-i;HTML;subst;pl;m3;pospolita
IBL-i;IBL;subst;pl;m3;własna
IKE-i;IKEA;subst;sg;f;własna
IKE-i;IKEA;subst;sg;f;własna
IKE-i;IKEA;subst;sg;f;własna
IKE-i;IKEA;subst;pl;f;własna
joule’i;joule;subst;pl;m3;pospolita
KAI-i;KAI;subst;pl;m3;własna
KAL-i;KAL;subst;pl;m3;organizacja
KUL-i;KUL;subst;pl;m3;własna
LDL-i;LDL;subst;pl;m3;własna
LOK-i;LOK;subst;pl;m3;własna
LOK-i;LOK;subst;pl;m3;własna
LOK-i;LOK;subst;pl;m3;własna
MAL-i;MAL;subst;pl;m3;własna
MKOl-i;MKOl;subst;pl;m3;własna
MOK-i;MOK;subst;pl;m3;własna
MOK-i;MOK;subst;pl;m3;własna
MOK-i;MOK;subst;pl;m3;własna
MPiK-i;MPiK;subst;pl;m3;własna
MPiK-i;MPiK;subst;pl;m3;własna
MPiK-i;MPiK;subst;pl;m3;własna
NASK-i;NASK;subst;pl;m3;własna
NASK-i;NASK;subst;pl;m3;własna
NASK-i;NASK;subst;pl;m3;własna
NEC-i;NEC;subst;pl;m3;organizacja
NEC-i;NEC;subst;pl;m3;organizacja
NEC-i;NEC;subst;pl;m3;organizacja
NHL-i;NHL;subst;pl;m3;pospolita
NIK-i;NIK;subst;pl;m3;pospolita
NIK-i;NIK;subst;pl;m3;pospolita
NIK-i;NIK;subst;pl;m3;pospolita
NKOl-i;NKOl;subst;pl;m3;własna
OAPEC-i;OAPEC;subst;pl;m3;własna
OAPEC-i;OAPEC;subst;pl;m3;własna
OAPEC-i;OAPEC;subst;pl;m3;własna
OPEC-i;OPEC;subst;pl;m3;własna
OPEC-i;OPEC;subst;pl;m3;własna
OPEC-i;OPEC;subst;pl;m3;własna
PAI-i;PAI;subst;pl;m3;własna
PAL-i;PAL;subst;pl;m3;pospolita
PESEL-i;PESEL;subst;pl;m3;pospolita
PKOl-i;PKOl;subst;pl;m3;własna
PLL-i;PLL;subst;pl;m3;własna
PRL-i;PRL;subst;pl;m3;geograficzna
PRUDENTIAL-i;PRUDENTIAL;subst;pl;m3;
PSL-i;PSL;subst;pl;m3;pospolita
RAI-i;RAI;subst;pl;m3;własna
scrabble’i;scrabble;subst;pl;m2;pospolita
SDKPiL-i;SDKPiL;subst;pl;m3;własna
SGML-i;SGML;subst;pl;m3;pospolita
siècle’i;siècle;subst;pl;m3;pospolita
SKOK-i;SKOK;subst;pl;m3;własna
SKOK-i;SKOK;subst;pl;m3;własna
SKOK-i;SKOK;subst;pl;m3;własna
SOK-i;SOK;subst;pl;m3;własna
SOK-i;SOK;subst;pl;m3;własna
SOK-i;SOK;subst;pl;m3;własna
URL-i;URL;subst;pl;m3;pospolita
UŚl-i;UŚl;subst;pl;m3;własna
WIG-i;WIG;subst;pl;m3;pospolita
WIG-i;WIG;subst;pl;m3;pospolita
WIG-i;WIG;subst;pl;m3;pospolita
XML-i;XML;subst;pl;m3;pospolita
ZSL-i;ZSL;subst;pl;m3;własna
przeznaczenia;przeznaczenie;subst;pl;n2;pospolita
przeznaczenia;przeznaczenie;subst;pl;n2;pospolita
przeznaczenia;przeznaczenie;subst;sg;n2;pospolita
przeznaczenia;przeznaczenie;subst;pl;n2;pospolita
tym;to;subst;sg;n2;pospolita
tym;to;subst;sg;n2;pospolita
kasy;kasa;subst;pl;f;pospolita
kasy;kasa;subst;pl;f;pospolita
kasy;kasa;subst;sg;f;pospolita
kasy;kasa;subst;pl;f;pospolita
AL-i;AL;subst;pl;m3;własna
AMERBANK-i;AMERBANK;subst;pl;m3;organizacja
AMERBANK-i;AMERBANK;subst;pl;m3;organizacja
AMERBANK-i;AMERBANK;subst;pl;m3;organizacja
BASIC-i;BASIC;subst;pl;m3;pospolita
BASIC-i;BASIC;subst;pl;m3;pospolita
BASIC-i;BASIC;subst;pl;m3;pospolita
BIG-i;BIG;subst;pl;m3;pospolita
BIG-i;BIG;subst;pl;m3;pospolita
BIG-i;BIG;subst;pl;m3;pospolita
branle’i;branle;subst;pl;m2;pospolita
chippendale’i;chippendale;subst;pl;m2;pospolita
ChRL-i;ChRL;subst;pl;m3;geograficzna
CMYK-i;CMYK;subst;pl;m2;pospolita
CMYK-i;CMYK;subst;pl;m2;pospolita
CMYK-i;CMYK;subst;pl;m2;pospolita
COBOL-i;COBOL;subst;pl;m3;pospolita
DHL-i;DHL;subst;pl;m3;własna
DJ-i;DJ;subst;pl;m1;pospolita
DJ-i;DJ;subst;pl;m1;pospolita
EUROPOL-i;EUROPOL;subst;pl;m3;własna
FALCK-i;FALCK;subst;pl;m3;
FALCK-i;FALCK;subst;pl;m3;
FALCK-i;FALCK;subst;pl;m3;
GL-i;GL;subst;pl;m3;własna
Google’i;Google;subst;pl;m3;własna
Hawai'i;Hawai'i;subst;sg;f;geograficzna
Hawai'i;Hawai'i;subst;pl;f;geograficzna
Hawai'i;Hawai'i;subst;sg;f;geograficzna
Hawai'i;Hawai'i;subst;pl;f;geograficzna
Hawai'i;Hawai'i;subst;pl;f;geograficzna
Hawai'i;Hawai'i;subst;pl;f;geograficzna
Hawai'i;Hawai'i;subst;pl;f;geograficzna
Hawai'i;Hawai'i;subst;pl;f;geograficzna
Hawai'i;Hawai'i;subst;pl;f;geograficzna
Hawai'i;Hawai'i;subst;sg;f;geograficzna
Hawai'i;Hawai'i;subst;sg;f;geograficzna
Hawai'i;Hawai'i;subst;sg;f;geograficzna
Hawai'i;Hawai'i;subst;sg;f;geograficzna
Hawai'i;Hawai'i;subst;sg;f;geograficzna
HDL-i;HDL;subst;pl;m3;własna
HTML-i;HTML;subst;pl;m3;pospolita
IBL-i;IBL;subst;pl;m3;własna
IKE-i;IKEA;subst;sg;f;własna
IKE-i;IKEA;subst;sg;f;własna
IKE-i;IKEA;subst;sg;f;własna
IKE-i;IKEA;subst;pl;f;własna
joule’i;joule;subst;pl;m3;pospolita
KAI-i;KAI;subst;pl;m3;własna
KAL-i;KAL;subst;pl;m3;organizacja
KUL-i;KUL;subst;pl;m3;własna
LDL-i;LDL;subst;pl;m3;własna
LOK-i;LOK;subst;pl;m3;własna
LOK-i;LOK;subst;pl;m3;własna
LOK-i;LOK;subst;pl;m3;własna
MAL-i;MAL;subst;pl;m3;własna
MKOl-i;MKOl;subst;pl;m3;własna
MOK-i;MOK;subst;pl;m3;własna
MOK-i;MOK;subst;pl;m3;własna
MOK-i;MOK;subst;pl;m3;własna
MPiK-i;MPiK;subst;pl;m3;własna
MPiK-i;MPiK;subst;pl;m3;własna
MPiK-i;MPiK;subst;pl;m3;własna
NASK-i;NASK;subst;pl;m3;własna
NASK-i;NASK;subst;pl;m3;własna
NASK-i;NASK;subst;pl;m3;własna
NEC-i;NEC;subst;pl;m3;organizacja
NEC-i;NEC;subst;pl;m3;organizacja
NEC-i;NEC;subst;pl;m3;organizacja
NHL-i;NHL;subst;pl;m3;pospolita
NIK-i;NIK;subst;pl;m3;pospolita
NIK-i;NIK;subst;pl;m3;pospolita
NIK-i;NIK;subst;pl;m3;pospolita
NKOl-i;NKOl;subst;pl;m3;własna
OAPEC-i;OAPEC;subst;pl;m3;własna
OAPEC-i;OAPEC;subst;pl;m3;własna
OAPEC-i;OAPEC;subst;pl;m3;własna
OPEC-i;OPEC;subst;pl;m3;własna
OPEC-i;OPEC;subst;pl;m3;własna
OPEC-i;OPEC;subst;pl;m3;własna
PAI-i;PAI;subst;pl;m3;własna
PAL-i;PAL;subst;pl;m3;pospolita
PESEL-i;PESEL;subst;pl;m3;pospolita
PKOl-i;PKOl;subst;pl;m3;własna
PLL-i;PLL;subst;pl;m3;własna
PRL-i;PRL;subst;pl;m3;geograficzna
PRUDENTIAL-i;PRUDENTIAL;subst;pl;m3;
PSL-i;PSL;subst;pl;m3;pospolita
RAI-i;RAI;subst;pl;m3;własna
scrabble’i;scrabble;subst;pl;m2;pospolita
SDKPiL-i;SDKPiL;subst;pl;m3;własna
SGML-i;SGML;subst;pl;m3;pospolita
siècle’i;siècle;subst;pl;m3;pospolita
SKOK-i;SKOK;subst;pl;m3;własna
SKOK-i;SKOK;subst;pl;m3;własna
SKOK-i;SKOK;subst;pl;m3;własna
SOK-i;SOK;subst;pl;m3;własna
SOK-i;SOK;subst;pl;m3;własna
SOK-i;SOK;subst;pl;m3;własna
URL-i;URL;subst;pl;m3;pospolita
UŚl-i;UŚl;subst;pl;m3;własna
WIG-i;WIG;subst;pl;m3;pospolita
WIG-i;WIG;subst;pl;m3;pospolita
WIG-i;WIG;subst;pl;m3;pospolita
XML-i;XML;subst;pl;m3;pospolita
ZSL-i;ZSL;subst;pl;m3;własna
tym;to;subst;sg;n2;pospolita
tym;to;subst;sg;n2;pospolita
technikę;technika;subst;sg;f;pospolita
AL-i;AL;subst;pl;m3;własna
AMERBANK-i;AMERBANK;subst;pl;m3;organizacja
AMERBANK-i;AMERBANK;subst;pl;m3;organizacja
AMERBANK-i;AMERBANK;subst;pl;m3;organizacja
BASIC-i;BASIC;subst;pl;m3;pospolita
BASIC-i;BASIC;subst;pl;m3;pospolita
BASIC-i;BASIC;subst;pl;m3;pospolita
BIG-i;BIG;subst;pl;m3;pospolita
BIG-i;BIG;subst;pl;m3;pospolita
BIG-i;BIG;subst;pl;m3;pospolita
branle’i;branle;subst;pl;m2;pospolita
chippendale’i;chippendale;subst;pl;m2;pospolita
ChRL-i;ChRL;subst;pl;m3;geograficzna
CMYK-i;CMYK;subst;pl;m2;pospolita
CMYK-i;CMYK;subst;pl;m2;pospolita
CMYK-i;CMYK;subst;pl;m2;pospolita
COBOL-i;COBOL;subst;pl;m3;pospolita
DHL-i;DHL;subst;pl;m3;własna
DJ-i;DJ;subst;pl;m1;pospolita
DJ-i;DJ;subst;pl;m1;pospolita
EUROPOL-i;EUROPOL;subst;pl;m3;własna
FALCK-i;FALCK;subst;pl;m3;
FALCK-i;FALCK;subst;pl;m3;
FALCK-i;FALCK;subst;pl;m3;
GL-i;GL;subst;pl;m3;własna
Google’i;Google;subst;pl;m3;własna
Hawai'i;Hawai'i;subst;sg;f;geograficzna
Hawai'i;Hawai'i;subst;pl;f;geograficzna
Hawai'i;Hawai'i;subst;sg;f;geograficzna
Hawai'i;Hawai'i;subst;pl;f;geograficzna
Hawai'i;Hawai'i;subst;pl;f;geograficzna
Hawai'i;Hawai'i;subst;pl;f;geograficzna
Hawai'i;Hawai'i;subst;pl;f;geograficzna
Hawai'i;Hawai'i;subst;pl;f;geograficzna
Hawai'i;Hawai'i;subst;pl;f;geograficzna
Hawai'i;Hawai'i;subst;sg;f;geograficzna
Hawai'i;Hawai'i;subst;sg;f;geograficzna
Hawai'i;Hawai'i;subst;sg;f;geograficzna
Hawai'i;Hawai'i;subst;sg;f;geograficzna
Hawai'i;Hawai'i;subst;sg;f;geograficzna
HDL-i;HDL;subst;pl;m3;własna
HTML-i;HTML;subst;pl;m3;pospolita
IBL-i;IBL;subst;pl;m3;własna
IKE-i;IKEA;subst;sg;f;własna
IKE-i;IKEA;subst;sg;f;własna
IKE-i;IKEA;subst;sg;f;własna
IKE-i;IKEA;subst;pl;f;własna
joule’i;joule;subst;pl;m3;pospolita
KAI-i;KAI;subst;pl;m3;własna
KAL-i;KAL;subst;pl;m3;organizacja
KUL-i;KUL;subst;pl;m3;własna
LDL-i;LDL;subst;pl;m3;własna
LOK-i;LOK;subst;pl;m3;własna
LOK-i;LOK;subst;pl;m3;własna
LOK-i;LOK;subst;pl;m3;własna
MAL-i;MAL;subst;pl;m3;własna
MKOl-i;MKOl;subst;pl;m3;własna
MOK-i;MOK;subst;pl;m3;własna
MOK-i;MOK;subst;pl;m3;własna
MOK-i;MOK;subst;pl;m3;własna
MPiK-i;MPiK;subst;pl;m3;własna
MPiK-i;MPiK;subst;pl;m3;własna
MPiK-i;MPiK;subst;pl;m3;własna
NASK-i;NASK;subst;pl;m3;własna
NASK-i;NASK;subst;pl;m3;własna
NASK-i;NASK;subst;pl;m3;własna
NEC-i;NEC;subst;pl;m3;organizacja
NEC-i;NEC;subst;pl;m3;organizacja
NEC-i;NEC;subst;pl;m3;organizacja
NHL-i;NHL;subst;pl;m3;pospolita
NIK-i;NIK;subst;pl;m3;pospolita
NIK-i;NIK;subst;pl;m3;pospolita
NIK-i;NIK;subst;pl;m3;pospolita
NKOl-i;NKOl;subst;pl;m3;własna
OAPEC-i;OAPEC;subst;pl;m3;własna
OAPEC-i;OAPEC;subst;pl;m3;własna
OAPEC-i;OAPEC;subst;pl;m3;własna
OPEC-i;OPEC;subst;pl;m3;własna
OPEC-i;OPEC;subst;pl;m3;własna
OPEC-i;OPEC;subst;pl;m3;własna
PAI-i;PAI;subst;pl;m3;własna
PAL-i;PAL;subst;pl;m3;pospolita
PESEL-i;PESEL;subst;pl;m3;pospolita
PKOl-i;PKOl;subst;pl;m3;własna
PLL-i;PLL;subst;pl;m3;własna
PRL-i;PRL;subst;pl;m3;geograficzna
PRUDENTIAL-i;PRUDENTIAL;subst;pl;m3;
PSL-i;PSL;subst;pl;m3;pospolita
RAI-i;RAI;subst;pl;m3;własna
scrabble’i;scrabble;subst;pl;m2;pospolita
SDKPiL-i;SDKPiL;subst;pl;m3;własna
SGML-i;SGML;subst;pl;m3;pospolita
siècle’i;siècle;subst;pl;m3;pospolita
SKOK-i;SKOK;subst;pl;m3;własna
SKOK-i;SKOK;subst;pl;m3;własna
SKOK-i;SKOK;subst;pl;m3;własna
SOK-i;SOK;subst;pl;m3;własna
SOK-i;SOK;subst;pl;m3;własna
SOK-i;SOK;subst;pl;m3;własna
URL-i;URL;subst;pl;m3;pospolita
UŚl-i;UŚl;subst;pl;m3;własna
WIG-i;WIG;subst;pl;m3;pospolita
WIG-i;WIG;subst;pl;m3;pospolita
WIG-i;WIG;subst;pl;m3;pospolita
XML-i;XML;subst;pl;m3;pospolita
ZSL-i;ZSL;subst;pl;m3;własna
wielkim;wielki;subst;sg;m1;pospolita
wielkim;wielki;subst;pl;m1;pospolita
wielkim;wielki;subst;sg;m1;pospolita
dostawcą;dostawca;subst;sg;m1;pospolita
systemów;system;subst;pl;m3;pospolita
House’a;House;subst;sg;m1;
House’om;House;subst;pl;m1;
House’owie;House;subst;pl;m1;
House’em;House;subst;sg;m1;
House;House;subst;sg;m1;
Housie;House;subst;sg;m1;
House’ach;House;subst;pl;m1;
House’ami;House;subst;pl;m1;
House’owie;House;subst;pl;m1;
House’owi;House;subst;sg;m1;
House’ów;House;subst;pl;m1;
House’ów;House;subst;pl;m1;
House’a;House;subst;sg;m1;
Housie;House;subst;sg;m1;
House’y;House;depr;pl;m2;
House’y;House;depr;pl;m2;
roku;rok;subst;sg;m3;pospolita
roku;rok;subst;sg;m3;pospolita
roku;rok;subst;sg;m3;pospolita
roku;rok;subst;sg;m3;pospolita
roku;rok;subst;sg;m3;pospolita
roku;rok;subst;sg;m3;pospolita
do;do;subst;sg;n2;pospolita
do;do;subst;pl;n2;pospolita
do;do;subst;pl;n2;pospolita
do;do;subst;pl;n2;pospolita
do;do;subst;pl;n2;pospolita
do;do;subst;pl;n2;pospolita
do;do;subst;pl;n2;pospolita
do;do;subst;sg;n2;pospolita
do;do;subst;sg;n2;pospolita
do;do;subst;sg;n2;pospolita
do;do;subst;pl;n2;pospolita
do;do;subst;sg;n2;pospolita
do;do;subst;sg;n2;pospolita
do;do;subst;sg;n2;pospolita
okresie;okres;subst;sg;m3;pospolita
okresie;okres;subst;sg;m3;pospolita
prohibicji;prohibicja;subst;sg;f;pospolita
prohibicji;prohibicja;subst;pl;f;pospolita
prohibicji;prohibicja;subst;sg;f;pospolita
prohibicji;prohibicja;subst;sg;f;pospolita
tym;to;subst;sg;n2;pospolita
tym;to;subst;sg;n2;pospolita
czasie;czas;subst;sg;m3;pospolita
czasie;czas;subst;sg;m3;pospolita
jako;jaka;subst;sg;f;pospolita
House’a;House;subst;sg;m1;
House’om;House;subst;pl;m1;
House’owie;House;subst;pl;m1;
House’em;House;subst;sg;m1;
House;House;subst;sg;m1;
Housie;House;subst;sg;m1;
House’ach;House;subst;pl;m1;
House’ami;House;subst;pl;m1;
House’owie;House;subst;pl;m1;
House’owi;House;subst;sg;m1;
House’ów;House;subst;pl;m1;
House’ów;House;subst;pl;m1;
House’a;House;subst;sg;m1;
Housie;House;subst;sg;m1;
House’y;House;depr;pl;m2;
House’y;House;depr;pl;m2;
AL-i;AL;subst;pl;m3;własna
AMERBANK-i;AMERBANK;subst;pl;m3;organizacja
AMERBANK-i;AMERBANK;subst;pl;m3;organizacja
AMERBANK-i;AMERBANK;subst;pl;m3;organizacja
BASIC-i;BASIC;subst;pl;m3;pospolita
BASIC-i;BASIC;subst;pl;m3;pospolita
BASIC-i;BASIC;subst;pl;m3;pospolita
BIG-i;BIG;subst;pl;m3;pospolita
BIG-i;BIG;subst;pl;m3;pospolita
BIG-i;BIG;subst;pl;m3;pospolita
branle’i;branle;subst;pl;m2;pospolita
chippendale’i;chippendale;subst;pl;m2;pospolita
ChRL-i;ChRL;subst;pl;m3;geograficzna
CMYK-i;CMYK;subst;pl;m2;pospolita
CMYK-i;CMYK;subst;pl;m2;pospolita
CMYK-i;CMYK;subst;pl;m2;pospolita
COBOL-i;COBOL;subst;pl;m3;pospolita
DHL-i;DHL;subst;pl;m3;własna
DJ-i;DJ;subst;pl;m1;pospolita
DJ-i;DJ;subst;pl;m1;pospolita
EUROPOL-i;EUROPOL;subst;pl;m3;własna
FALCK-i;FALCK;subst;pl;m3;
FALCK-i;FALCK;subst;pl;m3;
FALCK-i;FALCK;subst;pl;m3;
GL-i;GL;subst;pl;m3;własna
Google’i;Google;subst;pl;m3;własna
Hawai'i;Hawai'i;subst;sg;f;geograficzna
Hawai'i;Hawai'i;subst;pl;f;geograficzna
Hawai'i;Hawai'i;subst;sg;f;geograficzna
Hawai'i;Hawai'i;subst;pl;f;geograficzna
Hawai'i;Hawai'i;subst;pl;f;geograficzna
Hawai'i;Hawai'i;subst;pl;f;geograficzna
Hawai'i;Hawai'i;subst;pl;f;geograficzna
Hawai'i;Hawai'i;subst;pl;f;geograficzna
Hawai'i;Hawai'i;subst;pl;f;geograficzna
Hawai'i;Hawai'i;subst;sg;f;geograficzna
Hawai'i;Hawai'i;subst;sg;f;geograficzna
Hawai'i;Hawai'i;subst;sg;f;geograficzna
Hawai'i;Hawai'i;subst;sg;f;geograficzna
Hawai'i;Hawai'i;subst;sg;f;geograficzna
HDL-i;HDL;subst;pl;m3;własna
HTML-i;HTML;subst;pl;m3;pospolita
IBL-i;IBL;subst;pl;m3;własna
IKE-i;IKEA;subst;sg;f;własna
IKE-i;IKEA;subst;sg;f;własna
IKE-i;IKEA;subst;sg;f;własna
IKE-i;IKEA;subst;pl;f;własna
joule’i;joule;subst;pl;m3;pospolita
KAI-i;KAI;subst;pl;m3;własna
KAL-i;KAL;subst;pl;m3;organizacja
KUL-i;KUL;subst;pl;m3;własna
LDL-i;LDL;subst;pl;m3;własna
LOK-i;LOK;subst;pl;m3;własna
LOK-i;LOK;subst;pl;m3;własna
LOK-i;LOK;subst;pl;m3;własna
MAL-i;MAL;subst;pl;m3;własna
MKOl-i;MKOl;subst;pl;m3;własna
MOK-i;MOK;subst;pl;m3;własna
MOK-i;MOK;subst;pl;m3;własna
MOK-i;MOK;subst;pl;m3;własna
MPiK-i;MPiK;subst;pl;m3;własna
MPiK-i;MPiK;subst;pl;m3;własna
MPiK-i;MPiK;subst;pl;m3;własna
NASK-i;NASK;subst;pl;m3;własna
NASK-i;NASK;subst;pl;m3;własna
NASK-i;NASK;subst;pl;m3;własna
NEC-i;NEC;subst;pl;m3;organizacja
NEC-i;NEC;subst;pl;m3;organizacja
NEC-i;NEC;subst;pl;m3;organizacja
NHL-i;NHL;subst;pl;m3;pospolita
NIK-i;NIK;subst;pl;m3;pospolita
NIK-i;NIK;subst;pl;m3;pospolita
NIK-i;NIK;subst;pl;m3;pospolita
NKOl-i;NKOl;subst;pl;m3;własna
OAPEC-i;OAPEC;subst;pl;m3;własna
OAPEC-i;OAPEC;subst;pl;m3;własna
OAPEC-i;OAPEC;subst;pl;m3;własna
OPEC-i;OPEC;subst;pl;m3;własna
OPEC-i;OPEC;subst;pl;m3;własna
OPEC-i;OPEC;subst;pl;m3;własna
PAI-i;PAI;subst;pl;m3;własna
PAL-i;PAL;subst;pl;m3;pospolita
PESEL-i;PESEL;subst;pl;m3;pospolita
PKOl-i;PKOl;subst;pl;m3;własna
PLL-i;PLL;subst;pl;m3;własna
PRL-i;PRL;subst;pl;m3;geograficzna
PRUDENTIAL-i;PRUDENTIAL;subst;pl;m3;
PSL-i;PSL;subst;pl;m3;pospolita
RAI-i;RAI;subst;pl;m3;własna
scrabble’i;scrabble;subst;pl;m2;pospolita
SDKPiL-i;SDKPiL;subst;pl;m3;własna
SGML-i;SGML;subst;pl;m3;pospolita
siècle’i;siècle;subst;pl;m3;pospolita
SKOK-i;SKOK;subst;pl;m3;własna
SKOK-i;SKOK;subst;pl;m3;własna
SKOK-i;SKOK;subst;pl;m3;własna
SOK-i;SOK;subst;pl;m3;własna
SOK-i;SOK;subst;pl;m3;własna
SOK-i;SOK;subst;pl;m3;własna
URL-i;URL;subst;pl;m3;pospolita
UŚl-i;UŚl;subst;pl;m3;własna
WIG-i;WIG;subst;pl;m3;pospolita
WIG-i;WIG;subst;pl;m3;pospolita
WIG-i;WIG;subst;pl;m3;pospolita
XML-i;XML;subst;pl;m3;pospolita
ZSL-i;ZSL;subst;pl;m3;własna
House’a;House;subst;sg;m1;
House’om;House;subst;pl;m1;
House’owie;House;subst;pl;m1;
House’em;House;subst;sg;m1;
House;House;subst;sg;m1;
Housie;House;subst;sg;m1;
House’ach;House;subst;pl;m1;
House’ami;House;subst;pl;m1;
House’owie;House;subst;pl;m1;
House’owi;House;subst;sg;m1;
House’ów;House;subst;pl;m1;
House’ów;House;subst;pl;m1;
House’a;House;subst;sg;m1;
Housie;House;subst;sg;m1;
House’y;House;depr;pl;m2;
House’y;House;depr;pl;m2;
turystów;turysta;subst;pl;m1;pospolita
turystów;turysta;subst;pl;m1;pospolita
AL-i;AL;subst;pl;m3;własna
AMERBANK-i;AMERBANK;subst;pl;m3;organizacja
AMERBANK-i;AMERBANK;subst;pl;m3;organizacja
AMERBANK-i;AMERBANK;subst;pl;m3;organizacja
BASIC-i;BASIC;subst;pl;m3;pospolita
BASIC-i;BASIC;subst;pl;m3;pospolita
BASIC-i;BASIC;subst;pl;m3;pospolita
BIG-i;BIG;subst;pl;m3;pospolita
BIG-i;BIG;subst;pl;m3;pospolita
BIG-i;BIG;subst;pl;m3;pospolita
branle’i;branle;subst;pl;m2;pospolita
chippendale’i;chippendale;subst;pl;m2;pospolita
ChRL-i;ChRL;subst;pl;m3;geograficzna
CMYK-i;CMYK;subst;pl;m2;pospolita
CMYK-i;CMYK;subst;pl;m2;pospolita
CMYK-i;CMYK;subst;pl;m2;pospolita
COBOL-i;COBOL;subst;pl;m3;pospolita
DHL-i;DHL;subst;pl;m3;własna
DJ-i;DJ;subst;pl;m1;pospolita
DJ-i;DJ;subst;pl;m1;pospolita
EUROPOL-i;EUROPOL;subst;pl;m3;własna
FALCK-i;FALCK;subst;pl;m3;
FALCK-i;FALCK;subst;pl;m3;
FALCK-i;FALCK;subst;pl;m3;
GL-i;GL;subst;pl;m3;własna
Google’i;Google;subst;pl;m3;własna
Hawai'i;Hawai'i;subst;sg;f;geograficzna
Hawai'i;Hawai'i;subst;pl;f;geograficzna
Hawai'i;Hawai'i;subst;sg;f;geograficzna
Hawai'i;Hawai'i;subst;pl;f;geograficzna
Hawai'i;Hawai'i;subst;pl;f;geograficzna
Hawai'i;Hawai'i;subst;pl;f;geograficzna
Hawai'i;Hawai'i;subst;pl;f;geograficzna
Hawai'i;Hawai'i;subst;pl;f;geograficzna
Hawai'i;Hawai'i;subst;pl;f;geograficzna
Hawai'i;Hawai'i;subst;sg;f;geograficzna
Hawai'i;Hawai'i;subst;sg;f;geograficzna
Hawai'i;Hawai'i;subst;sg;f;geograficzna
Hawai'i;Hawai'i;subst;sg;f;geograficzna
Hawai'i;Hawai'i;subst;sg;f;geograficzna
HDL-i;HDL;subst;pl;m3;własna
HTML-i;HTML;subst;pl;m3;pospolita
IBL-i;IBL;subst;pl;m3;własna
IKE-i;IKEA;subst;sg;f;własna
IKE-i;IKEA;subst;sg;f;własna
IKE-i;IKEA;subst;sg;f;własna
IKE-i;IKEA;subst;pl;f;własna
joule’i;joule;subst;pl;m3;pospolita
KAI-i;KAI;subst;pl;m3;własna
KAL-i;KAL;subst;pl;m3;organizacja
KUL-i;KUL;subst;pl;m3;własna
LDL-i;LDL;subst;pl;m3;własna
LOK-i;LOK;subst;pl;m3;własna
LOK-i;LOK;subst;pl;m3;własna
LOK-i;LOK;subst;pl;m3;własna
MAL-i;MAL;subst;pl;m3;własna
MKOl-i;MKOl;subst;pl;m3;własna
MOK-i;MOK;subst;pl;m3;własna
MOK-i;MOK;subst;pl;m3;własna
MOK-i;MOK;subst;pl;m3;własna
MPiK-i;MPiK;subst;pl;m3;własna
MPiK-i;MPiK;subst;pl;m3;własna
MPiK-i;MPiK;subst;pl;m3;własna
NASK-i;NASK;subst;pl;m3;własna
NASK-i;NASK;subst;pl;m3;własna
NASK-i;NASK;subst;pl;m3;własna
NEC-i;NEC;subst;pl;m3;organizacja
NEC-i;NEC;subst;pl;m3;organizacja
NEC-i;NEC;subst;pl;m3;organizacja
NHL-i;NHL;subst;pl;m3;pospolita
NIK-i;NIK;subst;pl;m3;pospolita
NIK-i;NIK;subst;pl;m3;pospolita
NIK-i;NIK;subst;pl;m3;pospolita
NKOl-i;NKOl;subst;pl;m3;własna
OAPEC-i;OAPEC;subst;pl;m3;własna
OAPEC-i;OAPEC;subst;pl;m3;własna
OAPEC-i;OAPEC;subst;pl;m3;własna
OPEC-i;OPEC;subst;pl;m3;własna
OPEC-i;OPEC;subst;pl;m3;własna
OPEC-i;OPEC;subst;pl;m3;własna
PAI-i;PAI;subst;pl;m3;własna
PAL-i;PAL;subst;pl;m3;pospolita
PESEL-i;PESEL;subst;pl;m3;pospolita
PKOl-i;PKOl;subst;pl;m3;własna
PLL-i;PLL;subst;pl;m3;własna
PRL-i;PRL;subst;pl;m3;geograficzna
PRUDENTIAL-i;PRUDENTIAL;subst;pl;m3;
PSL-i;PSL;subst;pl;m3;pospolita
RAI-i;RAI;subst;pl;m3;własna
scrabble’i;scrabble;subst;pl;m2;pospolita
SDKPiL-i;SDKPiL;subst;pl;m3;własna
SGML-i;SGML;subst;pl;m3;pospolita
siècle’i;siècle;subst;pl;m3;pospolita
SKOK-i;SKOK;subst;pl;m3;własna
SKOK-i;SKOK;subst;pl;m3;własna
SKOK-i;SKOK;subst;pl;m3;własna
SOK-i;SOK;subst;pl;m3;własna
SOK-i;SOK;subst;pl;m3;własna
SOK-i;SOK;subst;pl;m3;własna
URL-i;URL;subst;pl;m3;pospolita
UŚl-i;UŚl;subst;pl;m3;własna
WIG-i;WIG;subst;pl;m3;pospolita
WIG-i;WIG;subst;pl;m3;pospolita
WIG-i;WIG;subst;pl;m3;pospolita
XML-i;XML;subst;pl;m3;pospolita
ZSL-i;ZSL;subst;pl;m3;własna
obiektem;obiekt;subst;sg;m3;pospolita
